{
  "homebrew_version": "4.4.22",
  "used_options": [

  ],
  "unused_options": [

  ],
  "built_as_bottle": true,
  "poured_from_bottle": true,
  "loaded_from_api": true,
  "installed_as_dependency": true,
  "installed_on_request": true,
  "changed_files": null,
  "time": 1740732645,
  "source_modified_time": 0,
  "compiler": "clang",
  "aliases": [
    "openssl",
    "openssl@3.4"
  ],
  "runtime_dependencies": [
    {
      "full_name": "ca-certificates",
      "version": "2025-02-25",
      "revision": 0,
      "pkg_version": "2025-02-25",
      "declared_directly": true
    }
  ],
  "source": {
    "path": "/Users/jason/Library/Caches/Homebrew/api/formula.jws.json",
    "tap": "homebrew/core",
    "tap_git_head": null,
    "spec": "stable",
    "versions": {
      "stable": "3.4.1",
      "head": null,
      "version_scheme": 0
    }
  },
  "arch": "x86_64",
  "built_on": {
    "os": "Macintosh",
    "os_version": "macOS 14.3",
    "cpu_family": "westmere",
    "xcode": "15.4",
    "clt": "15.1.0.0.1.1700200546",
    "preferred_perl": "5.34"
  }
}