{
  "SPDXID": "SPDXRef-DOCUMENT",
  "spdxVersion": "SPDX-2.3",
  "name": "SBOM-SPDX-openssl@3-3.4.1",
  "creationInfo": {
    "created": "2025-02-28T08:50:45Z",
    "creators": [
      "Tool: https://github.com/Homebrew/brew@4.4.22"
    ]
  },
  "dataLicense": "CC0-1.0",
  "documentNamespace": "https://formulae.brew.sh/spdx/openssl@3-3.4.1.json",
  "documentDescribes": [
    "SPDXRef-Archive-openssl@3-src",
    "SPDXRef-Package-SPDXRef-ca-certificates-2025-02-25",
    "SPDXRef-Compiler",
    "SPDXRef-Bottle-openssl@3"
  ],
  "files": [

  ],
  "packages": [
    {
      "SPDXID": "SPDXRef-Archive-openssl@3-src",
      "name": "openssl@3",
      "versionInfo": "3.4.1",
      "filesAnalyzed": false,
      "licenseDeclared": "NOASSERTION",
      "builtDate": "1970-01-01 00:00:00 UTC",
      "licenseConcluded": "Apache-2.0",
      "downloadLocation": "https://github.com/openssl/openssl/releases/download/openssl-3.4.1/openssl-3.4.1.tar.gz",
      "copyrightText": "NOASSERTION",
      "externalRefs": [

      ],
      "checksums": [
        {
          "algorithm": "SHA256",
          "checksumValue": "002a2d6b30b58bf4bea46c43bdd96365aaf8daa6c428782aa4feee06da197df3"
        }
      ]
    },
    {
      "SPDXID": "SPDXRef-Package-SPDXRef-ca-certificates-2025-02-25",
      "name": "ca-certificates",
      "versionInfo": "2025-02-25",
      "filesAnalyzed": false,
      "licenseDeclared": "NOASSERTION",
      "licenseConcluded": "MPL-2.0",
      "downloadLocation": "https://mirrors.ustc.edu.cn/homebrew-bottles/ca-certificates-2025-02-25.all.bottle.tar.gz",
      "copyrightText": "NOASSERTION",
      "checksums": [
        {
          "algorithm": "SHA256",
          "checksumValue": "8f46fb05f753f80f2bc398c0a24b10d680bd77d496e2b931de0b61998e37aebc"
        }
      ],
      "externalRefs": [
        {
          "referenceCategory": "PACKAGE-MANAGER",
          "referenceLocator": "pkg:brew/ca-certificates@2025-02-25",
          "referenceType": "purl"
        }
      ]
    },
    {
      "SPDXID": "SPDXRef-Compiler",
      "name": "clang",
      "versionInfo": "15.4",
      "filesAnalyzed": false,
      "licenseDeclared": "NOASSERTION",
      "licenseConcluded": "NOASSERTION",
      "copyrightText": "NOASSERTION",
      "downloadLocation": "NOASSERTION",
      "checksums": [

      ],
      "externalRefs": [

      ]
    },
    {
      "SPDXID": "SPDXRef-Bottle-openssl@3",
      "name": "openssl@3",
      "versionInfo": "3.4.1",
      "filesAnalyzed": false,
      "licenseDeclared": "NOASSERTION",
      "builtDate": "1970-01-01 00:00:00 UTC",
      "licenseConcluded": "Apache-2.0",
      "downloadLocation": "https://mirrors.ustc.edu.cn/homebrew-bottles/openssl%403-3.4.1.sonoma.bottle.tar.gz",
      "copyrightText": "NOASSERTION",
      "externalRefs": [
        {
          "referenceCategory": "PACKAGE-MANAGER",
          "referenceLocator": "pkg:brew/homebrew/core/openssl@3@3.4.1",
          "referenceType": "purl"
        }
      ],
      "checksums": [
        {
          "algorithm": "SHA256",
          "checksumValue": "36a85e5161befce49de6e03c5f710987bd5778a321151e011999e766249e6447"
        }
      ]
    }
  ],
  "relationships": [
    {
      "spdxElementId": "SPDXRef-Package-SPDXRef-ca-certificates-2025-02-25",
      "relationshipType": "RUNTIME_DEPENDENCY_OF",
      "relatedSpdxElement": "SPDXRef-Bottle-openssl@3"
    },
    {
      "spdxElementId": "SPDXRef-File-openssl@3",
      "relationshipType": "PACKAGE_OF",
      "relatedSpdxElement": "SPDXRef-Archive-openssl@3-src"
    },
    {
      "spdxElementId": "SPDXRef-Compiler",
      "relationshipType": "BUILD_TOOL_OF",
      "relatedSpdxElement": "SPDXRef-Package-openssl@3-src"
    }
  ]
}